Xn,F(Xn),F'(Xn),Xn+1,Error
(-10+0j),(-572+0j),(7457+0j),(-9.92329354968486+0j),(0.07670645031513956+0j)
(-9.92329354968486+0j),(-555.5072298176214+0j),(7338.121357550758+0j),(-9.847591990286961+0j),(0.07570155939789913+0j)
(-9.847591990286961+0j),(-539.5278549653641+0j),(7221.734621201912+0j),(-9.772883089549818+0j),(0.07470890073714287+0j)
(-9.772883089549818+0j),(-524.0450496334886+0j),(7107.7842367115245+0j),(-9.699154761257745+0j),(0.07372832829207354+0j)
(-9.699154761257745+0j),(-509.0425586344017+0j),(6996.215944988636+0j),(-9.626395063352904+0j),(0.07275969790484105+0j)
(-9.626395063352904+0j),(-494.5046775940343+0j),(6886.976751120772+0j),(-9.554592196076843+0j),(0.07180286727606067+0j)
(-9.554592196076843+0j),(-480.4162338421625+0j),(6780.014894151015+0j),(-9.483734500136292+0j),(0.07085769594055158+0j)
(-9.483734500136292+0j),(-466.7625679767303+0j),(6675.279817586382+0j),(-9.413810454892971+0j),(0.06992404524332052+0j)
(-9.413810454892971+0j),(-453.52951607812537+0j),(6572.722140619679+0j),(-9.34480867657721+0j),(0.06900177831576038+0j)
(-9.34480867657721+0j),(-440.70339255022634+0j),(6472.293630047509+0j),(-9.276717916525122+0j),(0.06809076005208858+0j)
(-9.276717916525122+0j),(-428.2709735658709+0j),(6373.947172867427+0j),(-9.209527059439118+0j),(0.06719085708600403+0j)
(-9.209527059439118+0j),(-416.2194810951994+0j),(6277.6367495377435+0j),(-9.143225121671557+0j),(0.06630193776756066+0j)
(-9.143225121671557+0j),(-404.53656749610406+0j),(6183.317407883856+0j),(-9.077801249531287+0j),(0.06542387214027023+0j)
(-9.077801249531287+0j),(-393.21030064675676+0j),(6090.945237635334+0j),(-9.013244717612867+0j),(0.06455653191842003+0j)
(-9.013244717612867+0j),(-382.22914960091055+0j),(6000.4773455784525+0j),(-8.94954492714827+0j),(0.06369979046459662+0j)
(-8.94954492714827+0j),(-371.58197074736404+0j),(5911.871831309183+0j),(-8.886691404380834+0j),(0.06285352276743694+0j)
(-8.886691404380834+0j),(-361.2579944556422+0j),(5825.087763572018+0j),(-8.824673798961252+0j),(0.06201760541958201+0j)
(-8.824673798961252+0j),(-351.246812190597+0j),(5740.08515717041+0j),(-8.76348188236541+0j),(0.06119191659584189+0j)
(-8.76348188236541+0j),(-341.5383640792472+0j),(5656.824950434903+0j),(-8.703105546333836+0j),(0.060376336031573885+0j)
(-8.703105546333836+0j),(-332.1229269137773+0j),(5575.2689832354035+0j),(-8.64353480133257+0j),(0.059570745001265024+0j)
(-8.64353480133257+0j),(-322.9911025751938+0j),(5495.379975524345+0j),(-8.584759775035254+0j),(0.05877502629731701+0j)
(-8.584759775035254+0j),(-314.1338068626904+0j),(5417.121506397874+0j),(-8.526770710826211+0j),(0.057989064209042596+0j)
(-8.526770710826211+0j),(-305.5422587143113+0j),(5340.457993662425+0j),(-8.469557966324354+0j),(0.057212744501857316+0j)
(-8.469557966324354+0j),(-297.20796980501945+0j),(5265.354673894436+0j),(-8.413112011927668+0j),(0.056445954396686204+0j)
(-8.413112011927668+0j),(-289.12273450877115+0j),(5191.7775829812+0j),(-8.357423429378114+0j),(0.055688582549553445+0j)
(-8.357423429378114+0j),(-281.27862021168306+0j),(5119.693537131177+0j),(-8.302482910346717+0j),(0.05494051903139763+0j)
(-8.302482910346717+0j),(-273.66795796383576+0j),(5049.070114342353+0j),(-8.248281255038652+0j),(0.054201655308064645+0j)
(-8.248281255038652+0j),(-266.28333345770847+0j),(4979.875636317508+0j),(-8.194809370818142+0j),(0.05347188422051019+0j)
(-8.194809370818142+0j),(-259.11757832166666+0j),(4912.0791508155935+0j),(-8.142058270852939+0j),(0.052751099965203+0j)
(-8.142058270852939+0j),(-252.16376171733899+0j),(4845.650414428556+0j),(-8.09001907277821+0j),(0.05203919807472879+0j)
(-8.09001907277821+0j),(-245.41518223011997+0j),(4780.559875773327+0j),(-8.038682997379631+0j),(0.051336075398578984+0j)
(-8.038682997379631+0j),(-238.86536004242188+0j),(4716.778659088894+0j),(-7.988041367295475+0j),(0.05064163008415612+0j)
(-7.988041367295475+0j),(-232.50802937966674+0j),(4654.278548228614+0j),(-7.938085605737508+0j),(0.04995576155796666+0j)
(-7.938085605737508+0j),(-226.33713121936927+0j),(4593.031971038178+0j),(-7.888807235230496+0j),(0.04927837050701189+0j)
(-7.888807235230496+0j),(-220.34680625400873+0j),(4533.011984109875+0j),(-7.840197876370114+0j),(0.0486093588603822+0j)
(-7.840197876370114+0j),(-214.53138809871524+0j),(4474.1922579040265+0j),(-7.792249246599069+0j),(0.04794862977104497+0j)
(-7.792249246599069+0j),(-208.8853967351215+0j),(4416.547062228684+0j),(-7.744953159001236+0j),(0.047296087597833214+0j)
(-7.744953159001236+0j),(-203.40353218303704+0j),(4360.051252068903+0j),(-7.698301521113604+0j),(0.04665163788763227+0j)
(-7.698301521113604+0j),(-198.08066839190116+0j),(4304.680253757111+0j),(-7.652286333755839+0j),(0.04601518735776455+0j)
(-7.652286333755839+0j),(-192.91184734425752+0j),(4250.410051476323+0j),(-7.606899689877268+0j),(0.0453866438785715+0j)
(-7.606899689877268+0j),(-187.89227336377152+0j),(4197.2171740880995+0j),(-7.562133773421063+0j),(0.0447659164562042+0j)
(-7.562133773421063+0j),(-183.01730762057497+0j),(4145.078682277407+0j),(-7.5179808582054655+0j),(0.04415291521559794+0j)
(-7.5179808582054655+0j),(-178.28246282698532+0j),(4093.9721560066973+0j),(-7.474433306821803+0j),(0.04354755138366251+0j)
(-7.474433306821803+0j),(-173.68339811688963+0j),(4043.875682271701+0j),(-7.431483569549138+0j),(0.04294973727266527+0j)
(-7.431483569549138+0j),(-169.21591410232543+0j),(3994.7678431516374+0j),(-7.389124183285324+0j),(0.04235938626381408+0j)
(-7.389124183285324+0j),(-164.875948101021+0j),(3946.627704146711+0j),(-7.347347770494276+0j),(0.041776412791048045+0j)
(-7.347347770494276+0j),(-160.6595695288785+0j),(3899.4348027959295+0j),(-7.306147038169251+0j),(0.041200732325024525+0j)
(-7.306147038169251+0j),(-156.56297545159936+0j),(3853.169137568463+0j),(-7.2655147768119415+0j),(0.040632261357309574+0j)
(-7.2655147768119415+0j),(-152.5824862898567+0j),(3807.811157021922+0j),(-7.225443859427164+0j),(0.04007091738477708+0j)
(-7.225443859427164+0j),(-148.71454167261902+0j),(3763.341749221093+0j),(-7.18592724053296+0j),(0.039516618894204214+0j)
(-7.18592724053296+0j),(-144.95569643342196+0j),(3719.7422314108157+0j),(-7.146957955185883+0j),(0.03896928534707733+0j)
(-7.146957955185883+0j),(-141.30261674456912+0j),(3676.99433993688+0j),(-7.108529118021289+0j),(0.03842883716459422+0j)
(-7.108529118021289+0j),(-137.75207638442242+0j),(3635.0802204089155+0j),(-7.0706339223084065+0j),(0.037895195712882135+0j)
(-7.0706339223084065+0j),(-134.30095313311392+0j),(3593.9824180994297+0j),(-7.0332656390199935+0j),(0.03736828328841302+0j)
(-7.0332656390199935+0j),(-130.94622529217662+0j),(3553.6838685732846+0j),(-6.996417615916366+0j),(0.03684802310362745+0j)
(-6.996417615916366+0j),(-127.68496832375305+0j),(3514.1678885420447+0j),(-6.960083276643598+0j),(0.03633433927276819+0j)
(-6.960083276643598+0j),(-124.51435160519256+0j),(3475.4181669377344+0j),(-6.924256119845685+0j),(0.03582715679791271+0j)
(-6.924256119845685+0j),(-121.4316352949997+0j),(3437.41875620073+0j),(-6.888929718290463+0j),(0.035326401555222375+0j)
(-6.888929718290463+0j),(-118.43416730623629+0j),(3400.154063776597+0j),(-6.854097718009073+0j),(0.034832000281389774+0j)
(-6.854097718009073+0j),(-115.51938038362094+0j),(3363.608843816811+0j),(-6.81975383744877+0j),(0.034343880560302686+0j)
(-6.81975383744877+0j),(-112.6847892807006+0j),(3327.7681890784543+0j),(-6.785891866638867+0j),(0.0338619708099035+0j)
(-6.785891866638867+0j),(-109.92798803359962+0j),(3292.61752301807+0j),(-6.7525056663695935+0j),(0.0333862002692733+0j)
(-6.7525056663695935+0j),(-107.24664732797274+0j),(3258.142592074977+0j),(-6.719589167383687+0j),(0.032916498985906095+0j)
(-6.719589167383687+0j),(-104.63851195591145+0j),(3224.32945813948+0j),(-6.687136369580484+0j),(0.032452797803203204+0j)
(-6.687136369580484+0j),(-102.10139835966491+0j),(3191.1644912015+0j),(-6.655141341232314+0j),(0.03199502834817025+0j)
(-6.655141341232314+0j),(-99.63319225915022+0j),(3158.6343621752667+0j),(-6.623598218212993+0j),(0.03154312301932105+0j)
(-6.623598218212993+0j),(-97.23184636033267+0j),(3126.7260358958297+0j),(-6.592501203238198+0j),(0.031097014974794668+0j)
(-6.592501203238198+0j),(-94.89537814165972+0j),(3095.4267642832197+0j),(-6.56184456511753+0j),(0.03065663812066788+0j)
(-6.56184456511753+0j),(-92.62186771583367+0j),(3064.7240796702386+0j),(-6.531622638018044+0j),(0.030221927099486123+0j)
(-6.531622638018044+0j),(-90.40945576430144+0j),(3034.605788289899+0j),(-6.501829820739049+0j),(0.029792817278995187+0j)
(-6.501829820739049+0j),(-88.25634154193449+0j),(3005.0599639186785+0j),(-6.472460575997974+0j),(0.029369244741075384+0j)
(-6.472460575997974+0j),(-86.16078094946074+0j),(2976.0749416718195+0j),(-6.443509429727087+0j),(0.02895114627088624+0j)
(-6.443509429727087+0j),(-84.12108467129585+0j),(2947.6393119470004+0j),(-6.4149709703808755+0j),(0.02853845934621191+0j)
(-6.4149709703808755+0j),(-82.13561637650444+0j),(2919.7419145128015+0j),(-6.386839848253867+0j),(0.02813112212700819+0j)
(-6.386839848253867+0j),(-80.20279098070277+0j),(2892.3718327384745+0j),(-6.359110774808713+0j),(0.02772907344515474+0j)
(-6.359110774808713+0j),(-78.32107296679027+0j),(2865.518387961592+0j),(-6.331778522014305+0j),(0.027332252794407985+0j)
(-6.331778522014305+0j),(-76.48897476247225+0j),(2839.171133990258+0j),(-6.304837921693755+0j),(0.026940600320549457+0j)
(-6.304837921693755+0j),(-74.7050551726089+0j),(2813.3198517366377+0j),(-6.278283864882016+0j),(0.02655405681173928+0j)
(-6.278283864882016+0j),(-72.96791786449292+0j),(2787.9545439786175+0j),(-6.2521113011929526+0j),(0.02617256368906329+0j)
(-6.2521113011929526+0j),(-71.27620990422669+0j),(2763.0654302465264+0j),(-6.22631523819568+0j),(0.025796062997272884+0j)
(-6.22631523819568+0j),(-69.62862034243359+0j),(2738.642941831882+0j),(-6.200890740799951+0j),(0.025424497395728274+0j)
(-6.200890740799951+0j),(-68.0238788475996+0j),(2714.6777169152274+0j),(-6.175832930650429+0j),(0.02505781014952202+0j)
(-6.175832930650429+0j),(-66.46075438540258+0j),(2691.1605958101804+0j),(-6.151136985529623+0j),(0.024695945120805973+0j)
(-6.151136985529623+0j),(-64.9380539424426+0j),(2668.0826163208917+0j),(-6.1267981387693276+0j),(0.02433884676029585+0j)
(-6.1267981387693276+0j),(-63.454621292844166+0j),(2645.435009210174+0j),(-6.1028116786703555+0j),(0.023986460098972096+0j)
(-6.1028116786703555+0j),(-62.00933580625352+0j),(2623.209193775635+0j),(-6.079172947930394+0j),(0.023638730739961034+0j)
(-6.079172947930394+0j),(-60.601111295806504+0j),(2601.3967735312012+0j),(-6.055877343079795+0j),(0.023295604850599005+0j)
(-6.055877343079795+0j),(-59.2288949046929+0j),(2579.9895319914963+0j),(-6.032920313925118+0j),(0.022957029154677677+0j)
(-6.032920313925118+0j),(-57.89166602999043+0j),(2558.97942855659+0j),(-6.010297363000246+0j),(0.022622950924871432+0j)
(-6.010297363000246+0j),(-56.588435282488604+0j),(2538.358594494689+0j),(-5.988004045024914+0j),(0.022293317975332627+0j)
(-5.988004045024914+0j),(-55.31824348126764+0j),(2518.1193290204183+0j),(-5.966035966370441+0j),(0.021968078654472478+0j)
(-5.966035966370441+0j),(-54.08016068184008+0j),(2498.2540954663723+0j),(-5.944388784532541+0j),(0.021647181837900042+0j)
(-5.944388784532541+0j),(-52.87328523670548+0j),(2478.7555175456946+0j),(-5.923058207610999+0j),(0.021330576921542388+0j)
(-5.923058207610999+0j),(-51.6967428872077+0j),(2459.6163757034856+0j),(-5.902039993796081+0j),(0.02101821381491753+0j)
(-5.902039993796081+0j),(-50.5496858856243+0j),(2440.829603554895+0j),(-5.881329950861498+0j),(0.020710042934583228+0j)
(-5.881329950861498+0j),(-49.43129214645352+0j),(2422.3882844078053+0j),(-5.860923935663758+0j),(0.020406015197740324+0j)
(-5.860923935663758+0j),(-48.340764425901575+0j),(2404.2856478680637+0j),(-5.840817853647768+0j),(0.020106082015989735+0j)
(-5.840817853647768+0j),(-47.27732952860762+0j),(2386.515066525275+0j),(-5.821007658358516+0j),(0.019810195289251986+0j)
(-5.821007658358516+0j),(-46.24023754067654+0j),(2369.070052717203+0j),(-5.801489350958682+0j),(0.01951830739983418+0j)
(-5.801489350958682+0j),(-45.228761088123036+0j),(2351.9442553708905+0j),(-5.782258979752035+0j),(0.019230371206647057+0j)
(-5.782258979752035+0j),(-44.242194619861195+0j),(2335.131456918636+0j),(-5.763312639712471+0j),(0.018946340039563303+0j)
(-5.763312639712471+0j),(-43.27985371440406+0j),(2318.625570287034+0j),(-5.744646472018545+0j),(0.018666167693926816+0j)
(-5.744646472018545+0j),(-42.341074409466685+0j),(2302.4206359572972+0j),(-5.726256663593351+0j),(0.018389808425193443+0j)
(-5.726256663593351+0j),(-41.4252125536941+0j),(2286.5108190951532+0j),(-5.708139446649638+0j),(0.018117216943712933+0j)
(-5.708139446649638+0j),(-40.53164317976306+0j),(2270.890406748632+0j),(-5.690291098239996+0j),(0.017848348409642334+0j)
(-5.690291098239996+0j),(-39.659759898131945+0j),(2255.5538051120966+0j),(-5.67270793981201+0j),(0.017583158427985524+0j)
(-5.67270793981201+0j),(-38.80897431073907+0j),(2240.4955368549354+0j),(-5.655386336768241+0j),(0.017321603043769507+0j)
(-5.655386336768241+0j),(-37.97871544397302+0j),(2225.71023851333+0j),(-5.638322698030908+0j),(0.01706363873733263+0j)
(-5.638322698030908+0j),(-37.1684292002631+0j),(2211.1926579435953+0j),(-5.621513475611171+0j),(0.016809222419737146+0j)
(-5.621513475611171+0j),(-36.377577827659785+0j),(2196.937651835602+0j),(-5.604955164182868+0j),(0.01655831142830344+0j)
(-5.604955164182868+0j),(-35.6056394067971+0j),(2182.9401832848125+0j),(-5.588644300660616+0j),(0.01631086352225175+0j)
(-5.588644300660616+0j),(-34.85210735465004+0j),(2169.1953194215375+0j),(-5.572577463782163+0j),(0.016066836878453117+0j)
(-5.572577463782163+0j),(-34.11648994452038+0j),(2155.698229096022+0j),(-5.556751273694867+0j),(0.0158261900872958+0j)
(-5.556751273694867+0j),(-33.398309841703494+0j),(2142.4441806180002+0j),(-5.541162391546222+0j),(0.015588882148644956+0j)
(-5.541162391546222+0j),(-32.69710365430825+0j),(2129.4285395494276+0j),(-5.525807519078312+0j),(0.015354872467909786+0j)
(-5.525807519078312+0j),(-32.01242149871975+0j),(2116.646766549083+0j),(-5.510683398226106+0j),(0.015124120852206602+0j)
(-5.510683398226106+0j),(-31.34382657921248+0j),(2104.0944152678+0j),(-5.495786810719492+0j),(0.014896587506613379+0j)
(-5.495786810719492+0j),(-30.69089478123853+0j),(2091.767130293097+0j),(-5.481114577688974+0j),(0.014672233030518456+0j)
(-5.481114577688974+0j),(-30.05321427793177+0j),(2079.6606451420266+0j),(-5.466663559274919+0j),(0.014451018414054495+0j)
(-5.466663559274919+0j),(-29.430385149384456+0j),(2067.7707803010558+0j),(-5.452430654240301+0j),(0.014232905034618604+0j)
(-5.452430654240301+0j),(-28.822019014268523+0j),(2056.0934413118653+0j),(-5.438412799586827+0j),(0.014017854653473272+0j)
(-5.438412799586827+0j),(-28.227738673387982+0j),(2044.6246169019394+0j),(-5.424606970174405+0j),(0.01380582941242281+0j)
(-5.424606970174405+0j),(-27.64717776476342+0j),(2033.3603771588816+0j),(-5.411010178343832+0j),(0.013596791830572386+0j)
(-5.411010178343832+0j),(-27.079980429862943+0j),(2022.2968717473793+0j),(-5.39761947354268+0j),(0.013390704801151898+0j)
(-5.39761947354268+0j),(-26.525800990607433+0j),(2011.4303281678085+0j),(-5.384431941954266+0j),(0.013187531588414458+0j)
(-5.384431941954266+0j),(-25.98430363679061+0j),(2000.7570500554555+0j),(-5.3714447061296715+0j),(0.012987235824594379+0j)
(-5.3714447061296715+0j),(-25.455162123566776+0j),(1990.2734155193873+0j),(-5.35865492462273+0j),(0.012789781506941544+0j)
(-5.35865492462273+0j),(-24.93805947867062+0j),(1979.9758755200035+0j),(-5.34605979162793+0j),(0.012595132994800196+0j)
(-5.34605979162793+0j),(-24.43268771904567+0j),(1969.8609522843424+0j),(-5.3336565366211675+0j),(0.012403255006762315+0j)
(-5.3336565366211675+0j),(-23.938747576568158+0j),(1959.9252377582234+0j),(-5.321442424003306+0j),(0.012214112617861872+0j)
(-5.321442424003306+0j),(-23.455948232564538+0j),(1950.1653920943447+0j),(-5.309414752746472+0j),(0.012027671256833905+0j)
(-5.309414752746472+0j),(-22.98400706083055+0j),(1940.5781421754577+0j),(-5.297570856043057+0j),(0.011843896703414458+0j)
(-5.297570856043057+0j),(-22.522649378870213+0j),(1931.1602801717827+0j),(-5.28590810095736+0j),(0.011662755085697363+0j)
(-5.28590810095736+0j),(-22.071608207082132+0j),(1921.908662131827+0j),(-5.274423888079834+0j),(0.011484212877525657+0j)
(-5.274423888079834+0j),(-21.63062403563056+0j),(1912.8202066058134+0j),(-5.263115651183899+0j),(0.011308236895935408+0j)
(-5.263115651183899+0j),(-21.19944459874675+0j),(1903.8918933009206+0j),(-5.251980856885263+0j),(0.011134794298635953+0j)
(-5.251980856885263+0j),(-20.777824656215316+0j),(1895.1207617675732+0j),(-5.241017004303734+0j),(0.01096385258152921+0j)
(-5.241017004303734+0j),(-20.365525781808433+0j),(1886.5039101160326+0j),(-5.23022162472747+0j),(0.010795379576263642+0j)
(-5.23022162472747+0j),(-19.96231615843898+0j),(1878.0384937625572+0j),(-5.2195922812796445+0j),(0.010629343447825512+0j)
(-5.2195922812796445+0j),(-19.56797037981104+0j),(1869.7217242044203+0j),(-5.209126568587486+0j),(0.010465712692158569+0j)
(-5.209126568587486+0j),(-19.182269258354218+0j),(1861.5508678230876+0j),(-5.1988221124536675+0j),(0.010304456133818363+0j)
(-5.1988221124536675+0j),(-18.80499963923495+0j),(1853.5232447148796+0j),(-5.188676569530019+0j),(0.010145542923648776+0j)
(-5.188676569530019+0j),(-18.43595422024541+0j),(1845.636227548453+0j),(-5.178687626993529+0j),(0.009988942536489631+0j)
(-5.178687626993529+0j),(-18.07493137737711+0j),(1837.8872404484596+0j),(-5.16885300222462+0j),(0.009834624768909173+0j)
(-5.16885300222462+0j),(-17.72173499589265+0j),(1830.2737579047482+0j),(-5.159170442487666+0j),(0.00968255973695431+0j)
(-5.159170442487666+0j),(-17.37617430671591+0j),(1822.793303706498+0j),(-5.149637724613739+0j),(0.009532717873926622+0j)
(-5.149637724613739+0j),(-17.03806372796644+0j),(1815.4434499006832+0j),(-5.140252654685563+0j),(0.009385069928176115+0j)
(-5.140252654685563+0j),(-16.70722271146992+0j),(1808.221815774284+0j),(-5.131013067724648+0j),(0.009239586960914536+0j)
(-5.131013067724648+0j),(-16.383475594082388+0j),(1801.1260668596722+0j),(-5.121916827380602+0j),(0.009096240344046436+0j)
(-5.121916827380602+0j),(-16.066651453670826+0j),(1794.1539139626116+0j),(-5.112961825622595+0j),(0.008955001758007342+0j)
(-5.112961825622595+0j),(-15.756583969598998+0j),(1787.3031122123427+0j),(-5.104145982432966+0j),(0.00881584318962858+0j)
(-5.104145982432966+0j),(-15.453111287571204+0j),(1780.5714601332038+0j),(-5.095467245502961+0j),(0.00867873693000476+0j)
(-5.095467245502961+0j),(-15.156075888692644+0j),(1773.956798737287+0j),(-5.086923589930581+0j),(0.008543655572379905+0j)
(-5.086923589930581+0j),(-14.865324462609179+0j),(1767.4570106376136+0j),(-5.078513017920546+0j),(0.008410572010035366+0j)
(-5.078513017920546+0j),(-14.580707784594336+0j),(1761.0700191813496+0j),(-5.070233558486348+0j),(0.008279459434198166+0j)
(-5.070233558486348+0j),(-14.302080596455237+0j),(1754.7937876025653+0j),(-5.0620832671543985+0j),(0.008150291331949333+0j)
(-5.0620832671543985+0j),(-14.029301491133978+0j),(1748.626318194087+0j),(-5.0540602256702565+0j),(0.008023041484142013+0j)
(-5.0540602256702565+0j),(-13.762232800884892+0j),(1742.5656514979726+0j),(-5.046162541706926+0j),(0.007897683963330238+0j)
(-5.046162541706926+0j),(-13.500740488911905+0j),(1736.6098655141714+0j),(-5.038388348575232+0j),(0.00777419313169414+0j)
(-5.038388348575232+0j),(-13.244694044354558+0j),(1730.757074926936+0j),(-5.03073580493625+0j),(0.007652543638982046+0j)
(-5.03073580493625+0j),(-12.993966380514374+0j),(1725.005430348554+0j),(-5.023203094515803+0j),(0.007532710420447231+0j)
(-5.023203094515803+0j),(-12.748433736217335+0j),(1719.3531175799928+0j),(-5.015788425821008+0j),(0.007414668694794457+0j)
(-5.015788425821008+0j),(-12.507975580211443+0j),(1713.7983568880545+0j),(-5.008490031858884+0j),(0.007298393962124727+0j)
(-5.008490031858884+0j),(-12.272474518501825+0j),(1708.3394022986452+0j),(-5.001306169856996+0j),(0.007183862001888031+0j)
(-5.001306169856996+0j),(-12.041816204528939+0j),(1702.9745409057741+0j),(-4.994235120986163+0j),(0.007071048870832541+0j)
(-4.994235120986163+0j),(-11.815889252098696+0j),(1697.7020921959113+0j),(-4.987275190085203+0j),(0.006959930900960032+0j)
(-4.987275190085203+0j),(-11.5945851509763+0j),(1692.5204073873383+0j),(-4.980424705387725+0j),(0.006850484697477732+0j)
(-4.980424705387725+0j),(-11.377798185058532+0j),(1687.4278687841347+0j),(-4.973682018250967+0j),(0.006742687136758185+0j)
(-4.973682018250967+0j),(-11.165425353041808+0j),(1682.4228891444523+0j),(-4.967045502886676+0j),(0.006636515364291107+0j)
(-4.967045502886676+0j),(-10.957366291506588+0j),(1677.5039110627397+0j),(-4.960513556094036+0j),(0.006531946792639687+0j)
(-4.960513556094036+0j),(-10.753523200340801+0j),(1672.6694063655905+0j),(-4.954084596994637+0j),(0.006428959099399556+0j)
(-4.954084596994637+0j),(-10.55380077042768+0j),(1667.9178755208836+0j),(-4.947757066769486+0j),(0.006327530225150646+0j)
(-4.947757066769486+0j),(-10.35810611352608+0j),(1663.2478470599115+0j),(-4.94152942839807+0j),(0.006227638371416155+0j)
(-4.94152942839807+0j),(-10.166348694273301+0j),(1658.6578770121803+0j),(-4.935400166399456+0j),(0.00612926199861441+0j)
(-4.935400166399456+0j),(-9.978440264243208+0j),(1654.1465483525924+0j),(-4.929367786575442+0j),(0.00603237982401339+0j)
(-4.929367786575442+0j),(-9.79429479799419+0j),(1649.7124704607133+0j),(-4.923430815755758+0j),(0.005936970819684362+0j)
(-4.923430815755758+0j),(-9.613828431044062+0j),(1645.3542785918373+0j),(-4.917587801545303+0j),(0.005843014210454633+0j)
(-4.917587801545303+0j),(-9.436959399710677+0j),(1641.0706333595813+0j),(-4.911837312073445+0j),(0.005750489471858522+0j)
(-4.911837312073445+0j),(-9.263607982759416+0j),(1636.8602202297268+0j),(-4.906177935745355+0j),(0.005659376328089216+0j)
(-4.906177935745355+0j),(-9.093696444800337+0j),(1632.7217490250562+0j),(-4.9006082809954075+0j),(0.005569654749947972+0j)
(-4.9006082809954075+0j),(-8.927148981379805+0j),(1628.6539534409158+0j),(-4.895126976042616+0j),(0.0054813049527915325+0j)
(-4.895126976042616+0j),(-8.763891665713276+0j),(1624.6555905712626+0j),(-4.889732668648129+0j),(0.005394307394486653+0j)
(-4.889732668648129+0j),(-8.603852397007259+0j),(1620.725440444945+0j),(-4.884424025874776+0j),(0.005308642773353078+0j)
(-4.884424025874776+0j),(-8.446960850320846+0j),(1616.8623055719777+0j),(-4.879199733848664+0j),(0.005224292026111854+0j)
(-4.879199733848664+0j),(-8.29314842791825+0j),(1613.0650104995843+0j),(-4.874058497522826+0j),(0.005141236325838072+0j)
(-4.874058497522826+0j),(-8.142348212065444+0j),(1609.3324013777712+0j),(-4.868999040442925+0j),(0.005059457079901186+0j)
(-4.868999040442925+0j),(-7.994494919225983+0j),(1605.6633455342171+0j),(-4.864020104515004+0j),(0.004978935927921313+0j)
(-4.864020104515004+0j),(-7.849524855611761+0j),(1602.0567310582578+0j),(-4.859120449775295+0j),(0.004899654739708659+0j)
(-4.859120449775295+0j),(-7.707375874046859+0j),(1598.511466393763+0j),(-4.854298854162074+0j),(0.004821595613220708+0j)
(-4.854298854162074+0j),(-7.567987332102909+0j),(1595.0264799406848+0j),(-4.849554113289569+0j),(0.004744740872505204+0j)
(-4.849554113289569+0j),(-7.431300051466844+0j),(1591.6007196650935+0j),(-4.844885040223914+0j),(0.00466907306565556+0j)
(-4.844885040223914+0j),(-7.297256278502239+0j),(1588.2331527174929+0j),(-4.840290465261153+0j),(0.0045945749627609445+0j)
(-4.840290465261153+0j),(-7.165799645967304+0j),(1584.9227650592263+0j),(-4.835769235707295+0j),(0.004521229553857253+0j)
(-4.835769235707295+0j),(-7.036875135853679+0j),(1581.6685610967959+0j),(-4.831320215660407+0j),(0.004449020046888741+0j)
(-4.831320215660407+0j),(-6.910429043310848+0j),(1578.4695633238962+0j),(-4.826942285794747+0j),(0.00437792986565988+0j)
(-4.826942285794747+0j),(-6.786408941623024+0j),(1575.3248119710029+0j),(-4.82263434314695+0j),(0.004307942647796992+0j)
(-4.82263434314695+0j),(-6.664763648205589+0j),(1572.2333646623288+0j),(-4.818395300904237+0j),(0.004239042242712543+0j)
(-4.818395300904237+0j),(-6.545443191589616+0j),(1569.1942960799877+0j),(-4.81422408819467+0j),(0.004171212709567662+0j)
(-4.81422408819467+0j),(-6.42839877936409+0j),(1566.2066976351987+0j),(-4.810119649879427+0j),(0.004104438315242653+0j)
(-4.810119649879427+0j),(-6.31358276704617+0j),(1563.2696771463675+0j),(-4.806080946347116+0j),(0.004038703532311061+0j)
(-4.806080946347116+0j),(-6.200948627850887+0j),(1560.3823585238883+0j),(-4.802106953310104+0j),(0.003973993037011958+0j)
(-4.802106953310104+0j),(-6.090450923332789+0j),(1557.5438814615225+0j),(-4.798196661602869+0j),(0.00391029170723467+0j)
(-4.798196661602869+0j),(-5.982045274872522+0j),(1554.7534011341868+0j),(-4.79434907698237+0j),(0.003847584620499056+0j)
(-4.79434907698237+0j),(-5.8756883359826615+0j),(1552.0100879020265+0j),(-4.790563219930419+0j),(0.0037858570519508916+0j)
(-4.790563219930419+0j),(-5.771337765407413+0j),(1549.3131270206118+0j),(-4.786838125458067+0j),(0.0037250944723519197+0j)
(-4.786838125458067+0j),(-5.668952200992223+0j),(1546.661718357135+0j),(-4.783172842911982+0j),(0.0036652825460850025+0j)
(-4.783172842911982+0j),(-5.568491234299428+0j),(1544.0550761124593+0j),(-4.779566435782828+0j),(0.0036064071291548316+0j)
(-4.779566435782828+0j),(-5.469915385947562+0j),(1541.4924285489017+0j),(-4.776017981515623+0j),(0.003548454267204626+0j)
(-4.776017981515623+0j),(-5.373186081651937+0j),(1538.9730177236058+0j),(-4.77252657132209+0j),(0.003491410193532829+0j)
(-4.77252657132209+0j),(-5.278265628945326+0j),(1536.4960992273923+0j),(-4.7690913099949706+0j),(0.0034352613271195764+0j)
(-4.7690913099949706+0j),(-5.185117194558073+0j),(1534.060941928955+0j),(-4.765711315724314+0j),(0.0033799942706567165+0j)
(-4.765711315724314+0j),(-5.093704782437635+0j),(1531.6668277242884+0j),(-4.762385719915723+0j),(0.003325595808591153+0j)
(-4.762385719915723+0j),(-5.003993212388078+0j),(1529.3130512912267+0j),(-4.759113667010555+0j),(0.0032720529051672997+0j)
(-4.759113667010555+0j),(-4.915948099310983+0j),(1526.9989198489834+0j),(-4.755894314308068+0j),(0.003219352702487299+0j)
(-4.755894314308068+0j),(-4.829535833029295+0j),(1524.7237529225763+0j),(-4.752726831789499+0j),(0.0031674825185694644+0j)
(-4.752726831789499+0j),(-4.74472355867689+0j),(1522.4868821120317+0j),(-4.749610401944077+0j),(0.0031164298454218198+0j)
(-4.749610401944077+0j),(-4.661479157636526+0j),(1520.2876508662644+0j),(-4.746544219596953+0j),(0.003066182347123636+0j)
(-4.746544219596953+0j),(-4.579771229009801+0j),(1518.1254142615242+0j),(-4.743527491739039+0j),(0.00301672785791407+0j)
(-4.743527491739039+0j),(-4.499569071603146+0j),(1515.9995387843105+0j),(-4.740559437358751+0j),(0.00296805438028791+0j)
(-4.740559437358751+0j),(-4.420842666414442+0j),(1513.9094021186606+0j),(-4.737639287275643+0j),(0.0029201500831081972+0j)
(-4.737639287275643+0j),(-4.343562659605103+0j),(1511.8543929377095+0j),(-4.734766283975924+0j),(0.002873003299718846+0j)
(-4.734766283975924+0j),(-4.267700345943348+0j),(1509.8339106994306+0j),(-4.731939681449845+0j),(0.002826602526079469+0j)
(-4.731939681449845+0j),(-4.193227652704273+0j),(1507.8473654464622+0j),(-4.72915874503095+0j),(0.002780936418894875+0j)
(-4.72915874503095+0j),(-4.120117124013571+0j),(1505.8941776099384+0j),(-4.726422751237181+0j),(0.002735993793768543+0j)
(-4.726422751237181+0j),(-4.048341905621269+0j),(1503.9737778172284+0j),(-4.723730987613817+0j),(0.0026917636233640962+0j)
(-4.723730987613817+0j),(-3.9778757300928715+0j),(1502.0856067034993+0j),(-4.72108275257825+0j),(0.0026482350355667705+0j)
(-4.72108275257825+0j),(-3.908692902405724+0j),(1500.2291147270303+0j),(-4.718477355266576+0j),(0.0026053973116741957+0j)
(-4.718477355266576+0j),(-3.840768285938217+0j),(1498.4037619881797+0j),(-4.715914115381993+0j),(0.0025632398845836235+0j)
(-4.715914115381993+0j),(-3.7740772888405374+0j),(1496.6090180519413+0j),(-4.713392363044997+0j),(0.0025217523369951422+0j)
(-4.713392363044997+0j),(-3.708595850775636+0j),(1494.8443617740036+0j),(-4.7109114386453665+0j),(0.0024809243996308794+0j)
(-4.7109114386453665+0j),(-3.6443004300193627+0j),(1493.109281130237+0j),(-4.708470692695907+0j),(0.002440745949459533+0j)
(-4.708470692695907+0j),(-3.581167990909411+0j),(1491.40327304954+0j),(-4.706069485687968+0j),(0.002401207007938666+0j)
(-4.706069485687968+0j),(-3.519175991632662+0j),(1489.725843249967+0j),(-4.703707187948704+0j),(0.0023622977392641076+0j)
(-4.703707187948704+0j),(-3.45830237234114+0j),(1488.0765060780677+0j),(-4.701383179500069+0j),(0.0023240084486353396+0j)
(-4.701383179500069+0j),(-3.398525543586895+0j),(1486.454784351376+0j),(-4.6990968499195365+0j),(0.0022863295805324313+0j)
(-4.6990968499195365+0j),(-3.3398243750665055+0j),(1484.8602092039703+0j),(-4.69684759820253+0j),(0.0022492517170062953+0j)
(-4.69684759820253+0j),(-3.28217818466616+0j),(1483.292319935049+0j),(-4.6946348326265515+0j),(0.0022127655759787146+0j)
(-4.6946348326265515+0j),(-3.2255667277986655+0j),(1481.7506638604534+0j),(-4.692457970616991+0j),(0.002176862009560132+0j)
(-4.692457970616991+0j),(-3.1699701870237527+0j),(1480.2347961670741+0j),(-4.690316438614614+0j),(0.002141532002377211+0j)
(-4.690316438614614+0j),(-3.1153691619435677+0j),(1478.7442797700812+0j),(-4.688209671944701+0j),(0.0021067666699128296+0j)
(-4.688209671944701+0j),(-3.0617446593654165+0j),(1477.2786851729225+0j),(-4.6861371146878374+0j),(0.0020725572568638384+0j)
(-4.6861371146878374+0j),(-3.0090780837238817+0j),(1475.8375903300212+0j),(-4.68409821955233+0j),(0.002038895135507701+0j)
(-4.68409821955233+0j),(-2.9573512277550082+0j),(1474.4205805121287+0j),(-4.682092447748244+0j),(0.0020057718040860095+0j)
(-4.682092447748244+0j),(-2.9065462634151613+0j),(1473.0272481742647+0j),(-4.680119268863049+0j),(0.0019731788851951038+0j)
(-4.680119268863049+0j),(-2.856645733037738+0j),(1471.6571928262038+0j),(-4.678178160738845+0j),(0.001941108124203339+0j)
(-4.678178160738845+0j),(-2.8076325407205545+0j),(1470.3100209054387+0j),(-4.676268609351179+0j),(0.0019095513876665748+0j)
(-4.676268609351179+0j),(-2.7594899439377087+0j),(1468.9853456525843+0j),(-4.674390108689409+0j),(0.0018785006617694222+0j)
(-4.674390108689409+0j),(-2.71220154536921+0j),(1467.6827869891622+0j),(-4.672542160638637+0j),(0.0018479480507727075+0j)
(-4.672542160638637+0j),(-2.6657512849423637+0j),(1466.401971397719+0j),(-4.670724274863155+0j),(0.0018178857754813649+0j)
(-4.670724274863155+0j),(-2.620123432078704+0j),(1465.1425318042297+0j),(-4.668935968691432+0j),(0.0017883061717229864+0j)
(-4.668935968691432+0j),(-2.57530257814075+0j),(1463.904107462737+0j),(-4.667176767002597+0j),(0.0017592016888352546+0j)
(-4.667176767002597+0j),(-2.5312736290730324+0j),(1462.6863438421876+0j),(-4.665446202114418+0j),(0.0017305648881791313+0j)
(-4.665446202114418+0j),(-2.4880217982316086+0j),(1461.4888925154087+0j),(-4.663743813672759+0j),(0.0017023884416591528+0j)
(-4.663743813672759+0j),(-2.4455325993969224+0j),(1460.3114110501886+0j),(-4.662069148542505+0j),(0.0016746651302534943+0j)
(-4.662069148542505+0j),(-2.403791839964967+0j),(1459.1535629024186+0j),(-4.660421760699937+0j),(0.0016473878425680155+0j)
(-4.660421760699937+0j),(-2.3627856143114596+0j),(1458.0150173112497+0j),(-4.658801211126539+0j),(0.0016205495733983+0j)
(-4.658801211126539+0j),(-2.3225002973243805+0j),(1456.895449196224+0j),(-4.657207067704232+0j),(0.001594143422306793+0j)
(-4.657207067704232+0j),(-2.282922538100084+0j),(1455.7945390563434+0j),(-4.655638905112016+0j),(0.001568162592215927+0j)
(-4.655638905112016+0j),(-2.2440392537984204+0j),(1454.7119728710327+0j),(-4.6540963047240025+0j),(0.0015426003880136818+0j)
(-4.6540963047240025+0j),(-2.205837623652446+0j),(1453.6474420029585+0j),(-4.65257885450883+0j),(0.0015174502151724667+0j)
(-4.65257885450883+0j),(-2.16830508312846+0j),(1452.6006431026733+0j),(-4.6510861489304425+0j),(0.0014927055783875431+0j)
(-4.6510861489304425+0j),(-2.1314293182320574+0j),(1451.5712780150336+0j),(-4.649617788850222+0j),(0.0014683600802207764+0j)
(-4.649617788850222+0j),(-2.0951982599563714+0j),(1450.5590536873722+0j),(-4.648173381430454+0j),(0.0014444074197674794+0j)
(-4.648173381430454+0j),(-2.0596000788683684+0j),(1449.5636820793793+0j),(-4.646752540039123+0j),(0.0014208413913312512+0j)
(-4.646752540039123+0j),(-2.024623179829531+0j),(1448.5848800746596+0j),(-4.645354884156006+0j),(0.0013976558831165775+0j)
(-4.645354884156006+0j),(-1.990256196847134+0j),(1447.6223693939328+0j),(-4.643980039280073+0j),(0.001374844875932979+0j)
(-4.643980039280073+0j),(-1.9564879880526145+0j),(1446.675876509847+0j),(-4.642627636838157+0j),(0.001352402441916034+0j)
(-4.642627636838157+0j),(-1.923307630803464+0j),(1445.7451325633679+0j),(-4.641297314094899+0j),(0.0013303227432581721+0j)
(-4.641297314094899+0j),(-1.8907044169053797+0j),(1444.8298732817132+0j),(-4.639988714063941+0j),(0.001308600030958118+0j)
(-4.639988714063941+0j),(-1.8586678479512946+0j),(1443.9298388978082+0j),(-4.638701485420359+0j),(0.0012872286435818836+0j)
(-4.638701485420359+0j),(-1.8271876307741348+0j),(1443.0447740712218+0j),(-4.637435282414323+0j),(0.0012662030060361928+0j)
(-4.637435282414323+0j),(-1.7962536730102885+0j),(1442.1744278105616+0j),(-4.636189764785962+0j),(0.0012455176283614477+0j)
(-4.636189764785962+0j),(-1.7658560787706232+0j),(1441.3185533972933+0j),(-4.6349645976814315+0j),(0.0012251671045300228+0j)
(-4.6349645976814315+0j),(-1.7359851444163725+0j),(1440.4769083109643+0j),(-4.633759451570167+0j),(0.0012051461112640993+0j)
(-4.633759451570167+0j),(-1.7066313544368934+0j),(1439.6492541557936+0j),(-4.6325740021633+0j),(0.0011854494068677113+0j)
(-4.6325740021633+0j),(-1.6777853774265987+0j),(1438.8353565886116+0j),(-4.631407930333229+0j),(0.0011660718300703365+0j)
(-4.631407930333229+0j),(-1.649438062158377+0j),(1438.034985248109+0j),(-4.63026092203435+0j),(0.0011470082988793706+0j)
(-4.63026092203435+0j),(-1.6215804337511093+0j),(1437.2479136853913+0j),(-4.629132668224892+0j),(0.0011282538094583572+0j)
(-4.629132668224892+0j),(-1.594203689928412+0j),(1436.4739192957861+0j),(-4.628022864789887+0j),(0.0011098034350043307+0j)
(-4.628022864789887+0j),(-1.5672991973665624+0j),(1435.712783251905+0j),(-4.626931212465237+0j),(0.0010916523246500276+0j)
(-4.626931212465237+0j),(-1.5408584881289327+0j),(1434.9642904379125+0j),(-4.625857416762866+0j),(0.0010737957023714273+0j)
(-4.625857416762866+0j),(-1.5148732561848544+0j),(1434.2282293849978+0j),(-4.624801187896952+0j),(0.001056228865913944+0j)
(-4.624801187896952+0j),(-1.4893353540105183+0j),(1433.5043922080126+0j),(-4.623762240711226+0j),(0.0010389471857257249+0j)
(-4.623762240711226+0j),(-1.4642367892699264+0j),(1432.7925745432603+0j),(-4.622740294607313+0j),(0.0010219461039131517+0j)
(-4.622740294607313+0j),(-1.4395697215735432+0j),(1432.0925754874067+0j),(-4.621735073474117+0j),(0.0010052211331963434+0j)
(-4.621735073474117+0j),(-1.4153264593129218+0j),(1431.4041975375012+0j),(-4.620746305618225+0j),(0.0009887678558913038+0j)
(-4.620746305618225+0j),(-1.3914994565690018+0j),(1430.7272465320762+0j),(-4.619773723695332+0j),(0.0009725819228938448+0j)
(-4.619773723695332+0j),(-1.3680813100923959+0j),(1430.061531593311+0j),(-4.6188170646426485+0j),(0.000956659052683051+0j)
(-4.6188170646426485+0j),(-1.3450647563536298+0j),(1429.4068650702352+0j),(-4.617876069612317+0j),(0.0009409950303318482+0j)
(-4.617876069612317+0j),(-1.3224426686616773+0j),(1428.7630624829576+0j),(-4.6169504839057804+0j),(0.000925585706536225+0j)
(-4.6169504839057804+0j),(-1.300208054348824+0j),(1428.1299424678934+0j),(-4.616040056909129+0j),(0.0009104269966515588+0j)
(-4.616040056909129+0j),(-1.2783540520203132+0j),(1427.5073267239761+0j),(-4.615144542029388+0j),(0.0008955148797404888+0j)
(-4.615144542029388+0j),(-1.2568739288671087+0j),(1426.895039959835+0j),(-4.614263696631746+0j),(0.0008808453976421049+0j)
(-4.614263696631746+0j),(-1.2357610780399217+0j),(1426.2929098419154+0j),(-4.613397281977707+0j),(0.0008664146540393602+0j)
(-4.613397281977707+0j),(-1.2150090160832767+0j),(1425.7007669435297+0j),(-4.612545063164156+0j),(0.0008522188135513531+0j)
(-4.612545063164156+0j),(-1.1946113804277734+0j),(1425.118444694816+0j),(-4.61170680906333+0j),(0.0008382541008256084+0j)
(-4.61170680906333+0j),(-1.1745619269393224+0j),(1424.5457793335945+0j),(-4.610882292263674+0j),(0.0008245167996561165+0j)
(-4.610882292263674+0j),(-1.1548545275236142+0j),(1423.9826098570927+0j),(-4.610071289011577+0j),(0.0008110032520969312+0j)
(-4.610071289011577+0j),(-1.1354831677847481+0j),(1423.428777974537+0j),(-4.6092735791539745+0j),(0.0007977098576024133+0j)
(-4.6092735791539745+0j),(-1.1164419447363412+0j),(1422.8841280605839+0j),(-4.608488946081809+0j),(0.0007846330721656969+0j)
(-4.608488946081809+0j),(-1.0977250645640926+0j),(1422.3485071095802+0j),(-4.607717176674328+0j),(0.0007717694074811376+0j)
(-4.607717176674328+0j),(-1.0793268404381786+0j),(1421.8217646906337+0j),(-4.606958061244221+0j),(0.0007591154301067604+0j)
(-4.606958061244221+0j),(-1.0612416903745439+0j),(1421.3037529034818+0j),(-4.606211393483577+0j),(0.0007466677606435823+0j)
(-4.606211393483577+0j),(-1.0434641351437004+0j),(1420.7943263351426+0j),(-4.605476970410651+0j),(0.0007344230729264822+0j)
(-4.605476970410651+0j),(-1.0259887962258312+0j),(1420.2933420173306+0j),(-4.604754592317426+0j),(0.0007223780932248403+0j)
(-4.604754592317426+0j),(-1.008810393811094+0j),(1419.8006593846271+0j),(-4.604044062717977+0j),(0.0007105295994493943+0j)
(-4.604044062717977+0j),(-0.9919237448440963+0j),(1419.3161402333903+0j),(-4.603345188297594+0j),(0.0006988744203821895+0j)
(-4.603345188297594+0j),(-0.9753237611111589+0j),(1418.8396486813858+0j),(-4.602657778862696+0j),(0.0006874094348985338+0j)
(-4.602657778862696+0j),(-0.9590054473697589+0j),(1418.3710511281356+0j),(-4.601981647291478+0j),(0.0006761315712182636+0j)
(-4.601981647291478+0j),(-0.9429638995186531+0j),(1417.9102162159597+0j),(-4.6013166094853215+0j),(0.0006650378061561213+0j)
(-4.6013166094853215+0j),(-0.9271943028079648+0j),(1417.4570147917045+0j),(-4.600662484320938+0j),(0.0006541251643836787+0j)
(-4.600662484320938+0j),(-0.9116919300882227+0j),(1417.0113198691465+0j),(-4.6000190936032315+0j),(0.0006433907177063602+0j)
(-4.6000190936032315+0j),(-0.8964521400972714+0j),(1416.573006592051+0j),(-4.59938626201889+0j),(0.0006328315843413534+0j)
(-4.59938626201889+0j),(-0.8814703757843705+0j),(1416.1419521978871+0j),(-4.598763817090671+0j),(0.000622444928219501+0j)
(-4.598763817090671+0j),(-0.8667421626702261+0j),(1415.718035982168+0j),(-4.5981515891323905+0j),(0.0006122279582800871+0j)
(-4.5981515891323905+0j),(-0.8522631072424922+0j),(1415.3011392634262+0j),(-4.597549411204599+0j),(0.0006021779277913808+0j)
(-4.597549411204599+0j),(-0.8380288953855297+0j),(1414.8911453487938+0j),(-4.5969571190709315+0j),(0.0005922921336676268+0j)
(-4.5969571190709315+0j),(-0.8240352908438613+0j),(1414.4879395001908+0j),(-4.596374551155128+0j),(0.0005825679158038+0j)
(-4.596374551155128+0j),(-0.8102781337183651+0j),(1414.0914089010985+0j),(-4.595801548498709+0j),(0.0005730026564183532+0j)
(-4.595801548498709+0j),(-0.7967533389944386+0j),(1413.7014426239164+0j),(-4.595237954719307+0j),(0.0005635937794021828+0j)
(-4.595237954719307+0j),(-0.7834568951014365+0j),(1413.3179315978878+0j),(-4.594683615969628+0j),(0.0005543387496791397+0j)
(-4.594683615969628+0j),(-0.7703848625025891+0j),(1412.9407685775823+0j),(-4.594138380897051+0j),(0.0005452350725771993+0j)
(-4.594138380897051+0j),(-0.7575333723146418+0j),(1412.56984811193+0j),(-4.5936021006038485+0j),(0.0005362802932022959+0j)
(-4.5936021006038485+0j),(-0.7448986249566667+0j),(1412.205066513793+0j),(-4.593074628608018+0j),(0.0005274719958308083+0j)
(-4.593074628608018+0j),(-0.7324768888271078+0j),(1411.846321830064+0j),(-4.592555820804717+0j),(0.0005188078033011578+0j)
(-4.592555820804717+0j),(-0.7202644990086513+0j),(1411.493513812288+0j),(-4.592045535428298+0j),(0.0005102853764187287+0j)
(-4.592045535428298+0j),(-0.7082578560001263+0j),(1411.1465438877929+0j),(-4.591543633014925+0j),(0.0005019024133732231+0j)
(-4.591543633014925+0j),(-0.6964534244747509+0j),(1410.805315131316+0j),(-4.591049976365772+0j),(0.000493656649152463+0j)
(-4.591049976365772+0j),(-0.6848477320643525+0j),(1410.4697322371314+0j),(-4.590564430510791+0j),(0.00048554585498106206+0j)
(-4.590564430510791+0j),(-0.6734373681685906+0j),(1410.1397014916492+0j),(-4.59008686267304+0j),(0.0004775678377511028+0j)
(-4.59008686267304+0j),(-0.662218982788989+0j),(1409.8151307464996+0j),(-4.589617142233568+0j),(0.0004697204394723542+0j)
(-4.589617142233568+0j),(-0.6511892853869314+0j),(1409.4959293920735+0j),(-4.5891551406968425+0j),(0.000462001536725154+0j)
(-4.5891551406968425+0j),(-0.6403450437651639+0j),(1409.182008331527+0j),(-4.588700731656719+0j),(0.0004544090401230605+0j)
(-4.588700731656719+0j),(-0.6296830829722904+0j),(1408.87327995523+0j),(-4.588253790762935+0j),(0.0004469408937843866+0j)
(-4.588253790762935+0j),(-0.6192002842296269+0j),(1408.569658115658+0j),(-4.587814195688129+0j),(0.00043959507480639815+0j)
(-4.587814195688129+0j),(-0.6088935838800993+0j),(1408.2710581027181+0j),(-4.587381826095374+0j),(0.0004323695927546112+0j)
(-4.587381826095374+0j),(-0.5987599723584347+0j),(1407.9773966194966+0j),(-4.58695656360622+0j),(0.0004252624891538659+0j)
(-4.58695656360622+0j),(-0.5887964931823724+0j),(1407.6885917584268+0j),(-4.586538291769232+0j),(0.0004182718369882821+0j)
(-4.586538291769232+0j),(-0.5790002419643143+0j),(1407.4045629778686+0j),(-4.58612689602902+0j),(0.00041139574021187286+0j)
(-4.58612689602902+0j),(-0.5693683654429305+0j),(1407.1252310790853+0j),(-4.585722263695758+0j),(0.0004046323332618229+0j)
(-4.585722263695758+0j),(-0.5598980605343498+0j),(1406.8505181836224+0j),(-4.585324283915179+0j),(0.00039797978057887207+0j)
(-4.585324283915179+0j),(-0.5505865734024904+0j),(1406.580347711071+0j),(-4.584932847639037+0j),(0.0003914362761419099+0j)
(-4.584932847639037+0j),(-0.5414311985479647+0j),(1406.314644357214+0j),(-4.584547847596038+0j),(0.00038500004299901747+0j)
(-4.584547847596038+0j),(-0.5324292779153657+0j),(1406.0533340725483+0j),(-4.584169178263224+0j),(0.00037866933281449633+0j)
(-4.584169178263224+0j),(-0.5235782000183125+0j),(1405.7963440411738+0j),(-4.583796735837806+0j),(0.0003724424254176739+0j)
(-4.583796735837806+0j),(-0.514875399081989+0j),(1405.543602660044+0j),(-4.5834304182094465+0j),(0.0003663176283597025+0j)
(-4.5834304182094465+0j),(-0.5063183542027647+0j),(1405.2950395185728+0j),(-4.583070124932971+0j),(0.0003602932764756872+0j)
(-4.583070124932971+0j),(-0.49790458852451347+0j),(1405.0505853785924+0j),(-4.5827157572015125+0j),(0.0003543677314583604+0j)
(-4.5827157572015125+0j),(-0.48963166843119943+0j),(1404.8101721546489+0j),(-4.582367217820081+0j),(0.0003485393814317561+0j)
(-4.582367217820081+0j),(-0.4814972027554736+0j),(1404.5737328946389+0j),(-4.582024411179547+0j),(0.00034280664053376597+0j)
(-4.582024411179547+0j),(-0.4734988420029054+0j),(1404.3412017607764+0j),(-4.581687243231039+0j),(0.00033716794850757736+0j)
(-4.581687243231039+0j),(-0.4656342775914293+0j),(1404.1125140108827+0j),(-4.581355621460743+0j),(0.00033162177029666395+0j)
(-4.581355621460743+0j),(-0.4579012411057348+0j),(1403.8876059799982+0j),(-4.581029454865101+0j),(0.0003261665956415527+0j)
(-4.581029454865101+0j),(-0.450297503566397+0j),(1403.666415062307+0j),(-4.580708653926406+0j),(0.0003208009386952426+0j)
(-4.580708653926406+0j),(-0.44282087471310505+0j),(1403.4488796933674+0j),(-4.580393130588776+0j),(0.0003155233376297417+0j)
(-4.580393130588776+0j),(-0.43546920230205166+0j),(1403.234939332651+0j),(-4.580082798234517+0j),(0.00031033235425947936+0j)
(-4.580082798234517+0j),(-0.4282403714169083+0j),(1403.0245344463724+0j),(-4.579777571660852+0j),(0.0003052265736647186+0j)
(-4.579777571660852+0j),(-0.4211323037932355+0j),(1402.8176064906147+0j),(-4.579477367057028+0j),(0.0003002046038238504+0j)
(-4.579477367057028+0j),(-0.4141429571559656+0j),(1402.6140978947435+0j),(-4.579182101981782+0j),(0.00029526507524568757+0j)
(-4.579182101981782+0j),(-0.40727032456980794+0j),(1402.4139520450997+0j),(-4.578891695341164+0j),(0.0002904066406186345+0j)
(-4.578891695341164+0j),(-0.40051243380202894+0j),(1402.2171132689718+0j),(-4.578606067366714+0j),(0.0002856279744500867+0j)
(-4.578606067366714+0j),(-0.39386734669772316+0j),(1402.0235268188403+0j),(-4.578325139593988+0j),(0.00028092777272537006+0j)
(-4.578325139593988+0j),(-0.38733315856694306+0j),(1401.8331388568881+0j),(-4.578048834841425+0j),(0.0002763047525631279+0j)
(-4.578048834841425+0j),(-0.3809079975836831+0j),(1401.6458964397762+0j),(-4.577777077189546+0j),(0.00027175765187958945+0j)
(-4.577777077189546+0j),(-0.3745900241963449+0j),(1401.461747503676+0j),(-4.577509791960488+0j),(0.00026728522905727914+0j)
(-4.577509791960488+0j),(-0.36837743054950667+0j),(1401.280640849555+0j),(-4.577246905697872+0j),(0.0002628862626163908+0j)
(-4.577246905697872+0j),(-0.3622684399167466+0j),(1401.1025261287164+0j),(-4.576988346146975+0j),(0.0002585595508968197+0j)
(-4.576988346146975+0j),(-0.3562613061442377+0j),(1400.9273538285765+0j),(-4.576734042235234+0j),(0.0002543039117410828+0j)
(-4.576734042235234+0j),(-0.35035431310492093+0j),(1400.755075258689+0j),(-4.576483924053052+0j),(0.00025011818218168+0j)
(-4.576483924053052+0j),(-0.34454577416306975+0j),(1400.5856425370027+0j),(-4.5762379228349195+0j),(0.0002460012181328963+0j)
(-4.5762379228349195+0j),(-0.33883403164904835+0j),(1400.4190085763541+0j),(-4.575995970940826+0j),(0.0002419518940932619+0j)
(-4.575995970940826+0j),(-0.333217456343903+0j),(1400.2551270711879+0j),(-4.575758001837981+0j),(0.0002379691028453479+0j)
(-4.575758001837981+0j),(-0.3276944469737433+0j),(1400.0939524844982+0j),(-4.575523950082816+0j),(0.00023405175516444388+0j)
(-4.575523950082816+0j),(-0.32226342971363353+0j),(1399.935440034998+0j),(-4.575293751303288+0j),(0.0002301987795281235+0j)
(-4.575293751303288+0j),(-0.3169228577008769+0j),(1399.7795456844976+0j),(-4.575067342181454+0j),(0.00022640912183469197+0j)
(-4.575067342181454+0j),(-0.31167121055738156+0j),(1399.6262261255038+0j),(-4.5748446604363275+0j),(0.0002226817451260743+0j)
(-4.5748446604363275+0j),(-0.30650699392095015+0j),(1399.47543876902+0j),(-4.574625644807021+0j),(0.00021901562930626284+0j)
(-4.574625644807021+0j),(-0.30142873898548084+0j),(1399.3271417325611+0j),(-4.574410235036142+0j),(0.00021540977087930457+0j)
(-4.574410235036142+0j),(-0.2964350020495716+0j),(1399.1812938283633+0j),(-4.574198371853467+0j),(0.00021186318267485404+0j)
(-4.574198371853467+0j),(-0.29152436407373394+0j),(1399.0378545517976+0j),(-4.573989996959875+0j),(0.00020837489359237793+0j)
(-4.573989996959875+0j),(-0.2866954302457074+0j),(1398.8967840699765+0j),(-4.573785053011536+0j),(0.00020494394833914242+0j)
(-4.573785053011536+0j),(-0.28194682955392514+0j),(1398.7580432105524+0j),(-4.5735834836043585+0j),(0.00020156940717708238+0j)
(-4.5735834836043585+0j),(-0.27727721436891395+0j),(1398.621593450706+0j),(-4.573385233258684+0j),(0.00019825034567411137+0j)
(-4.573385233258684+0j),(-0.27268526003238414+0j),(1398.48739690632+0j),(-4.573190247404228+0j),(0.00019498585445631988+0j)
(-4.573190247404228+0j),(-0.26816966445397483+0j),(1398.3554163213341+0j),(-4.572998472365262+0j),(0.0001917750389663908+0j)
(-4.572998472365262+0j),(-0.26372914771544353+0j),(1398.2256150572796+0j),(-4.572809855346037+0j),(0.00018861701922467944+0j)
(-4.572809855346037+0j),(-0.259362451682144+0j),(1398.097957082991+0j),(-4.572624344416443+0j),(0.00018551092959384619+0j)
(-4.572624344416443+0j),(-0.25506833962168374+0j),(1397.9724069644901+0j),(-4.572441888497893+0j),(0.00018245591855059473+0j)
(-4.572441888497893+0j),(-0.25084559582954413+0j),(1397.848929855039+0j),(-4.572262437349437+0j),(0.0001794511484556338+0j)
(-4.572262437349437+0j),(-0.24669302526160442+0j),(1397.7274914853617+0j),(-4.572085941554109+0j),(0.0001764957953280799+0j)
(-4.572085941554109+0j),(-0.2426094531734697+0j),(1397.6080581540314+0j),(-4.571912352505478+0j),(0.00017358904863051805+0j)
(-4.571912352505478+0j),(-0.2385937247662615+0j),(1397.4905967180157+0j),(-4.5717416223944305+0j),(0.0001707301110478454+0j)
(-4.5717416223944305+0j),(-0.23464470483899125+0j),(1397.375074583383+0j),(-4.5715737041961555+0j),(0.00016791819827499666+0j)
(-4.5715737041961555+0j),(-0.23076127744725095+0j),(1397.2614596961644+0j),(-4.571408551657347+0j),(0.000165152538808222+0j)
(-4.571408551657347+0j),(-0.22694234556809012+0j),(1397.1497205333699+0j),(-4.571246119283614+0j),(0.00016243237373370079+0j)
(-4.571246119283614+0j),(-0.22318683077110202+0j),(1397.039826094154+0j),(-4.571086362327081+0j),(0.00015975695653214217+0j)
(-4.571086362327081+0j),(-0.2194936728953112+0j),(1396.9317458911298+0j),(-4.570929236774211+0j),(0.00015712555287006325+0j)
(-4.570929236774211+0j),(-0.21586182973209866+0j),(1396.8254499418297+0j),(-4.5707746993338025+0j),(0.00015453744040883066+0j)
(-4.5707746993338025+0j),(-0.21229027671376377+0j),(1396.7209087603078+0j),(-4.570622707425196+0j),(0.00015199190860659684+0j)
(-4.570622707425196+0j),(-0.20877800660779489+0j),(1396.6180933488845+0j),(-4.570473219166665+0j),(0.0001494882585308943+0j)
(-4.570473219166665+0j),(-0.20532402921659743+0j),(1396.516975190029+0j),(-4.570326193363997+0j),(0.0001470258026676774+0j)
(-4.570326193363997+0j),(-0.2019273710827123+0j),(1396.417526238377+0j),(-4.570181589499259+0j),(0.0001446038647383574+0j)
(-4.570181589499259+0j),(-0.19858707519931107+0j),(1396.3197189128834+0j),(-4.570039367719741+0j),(0.00014222177951772608+0j)
(-4.570039367719741+0j),(-0.1953022007258962+0j),(1396.223526089105+0j),(-4.569899488827088+0j),(0.00013987889265365538+0j)
(-4.569899488827088+0j),(-0.19207182270916068+0j),(1396.1289210916145+0j),(-4.5697619142665955+0j),(0.00013757456049212635+0j)
(-4.5697619142665955+0j),(-0.1888950318088154+0j),(1396.0358776865392+0j),(-4.5696266061166915+0j),(0.00013530814990403428+0j)
(-4.5696266061166915+0j),(-0.18577093402834755+0j),(1395.9443700742256+0j),(-4.569493527078579+0j),(0.00013307903811288213+0j)
(-4.569493527078579+0j),(-0.18269865045063494+0j),(1395.8543728820262+0j),(-4.569362640466049+0j),(0.00013088661252957934+0j)
(-4.569362640466049+0j),(-0.1796773169782242+0j),(1395.7658611572087+0j),(-4.569233910195465+0j),(0.0001287302705836879+0j)
(-4.569233910195465+0j),(-0.17670608407834565+0j),(1395.6788103599815+0j),(-4.569107300775901+0j),(0.0001266094195644385+0j)
(-4.569107300775901+0j),(-0.17378411653239056+0j),(1395.593196356637+0j),(-4.568982777299442+0j),(0.0001245234764590819+0j)
(-4.568982777299442+0j),(-0.17091059318989377+0j),(1395.5089954128082+0j),(-4.568860305431649+0j),(0.000122471867793017+0j)
(-4.568860305431649+0j),(-0.16808470672696152+0j),(1395.4261841868417+0j),(-4.568739851402169+0j),(0.00012045402947968853+0j)
(-4.568739851402169+0j),(-0.16530566340887587+0j),(1395.3447397232767+0j),(-4.568621381995504+0j),(0.00011846940666515593+0j)
(-4.568621381995504+0j),(-0.16257268285699888+0j),(1395.2646394464348+0j),(-4.568504864541925+0j),(0.00011651745357887933+0j)
(-4.568504864541925+0j),(-0.15988499781979493+0j),(1395.1858611541186+0j),(-4.5683902669085406+0j),(0.00011459763338450557+0j)
(-4.5683902669085406+0j),(-0.15724185394794254+0j),(1395.108383011413+0j),(-4.568277557490504+0j),(0.00011270941803687151+0j)
(-4.568277557490504+0j),(-0.15464250957338654+0j),(1395.0321835445914+0j),(-4.568166705202365+0j),(0.00011085228813900727+0j)
(-4.568166705202365+0j),(-0.1520862354923076+0j),(1394.9572416351225+0j),(-4.5680576794695655+0j),(0.00010902573279913952+0j)
(-4.5680576794695655+0j),(-0.14957231475196653+0j),(1394.8835365137784+0j),(-4.567950450220072+0j),(0.000107229249493912+0j)
(-4.567950450220072+0j),(-0.14710004244129427+0j),(1394.8110477548416+0j),(-4.567844987876137+0j),(0.00010546234393427056+0j)
(-4.567844987876137+0j),(-0.14466872548512377+0j),(1394.7397552704044+0j),(-4.567741263346211+0j),(0.00010372452992601922+0j)
(-4.567741263346211+0j),(-0.14227768244216032+0j),(1394.6696393047696+0j),(-4.567639248016966+0j),(0.00010201532924547507+0j)
(-4.567639248016966+0j),(-0.1399262433063726+0j),(1394.6006804289389+0j),(-4.567538913745464+0j),(0.00010033427150180074+0j)
(-4.567538913745464+0j),(-0.13761374931201598+0j),(1394.5328595351968+0j),(-4.56744023285145+0j),(9.86808940144357e-05+0j)
